hour,MAPE_%,RMSE_MW,MAE_MW,model
0,5.255067836521038,1685.075589920039,1288.9238770120205,Naive-24h
1,5.589549522680092,1684.2306002116643,1343.5383158877498,Naive-24h
2,5.75187980904117,1650.205449097069,1321.4884383124179,Naive-24h
3,5.49166738039333,1559.044515620839,1224.7729763213829,Naive-24h
4,5.253226843730685,1549.1312009016563,1157.7515474645782,Naive-24h
5,5.283674712901903,1587.9801556354723,1182.6316138646805,Naive-24h
6,5.317425449573862,1680.4248178701637,1245.0451947837419,Naive-24h
7,5.019924677067492,1695.129214310433,1247.3864134970981,Naive-24h
8,4.799678109827661,1746.117857020275,1262.0414991877294,Naive-24h
9,4.754583139531912,1773.4412631005146,1322.5934399246285,Naive-24h
10,4.779216671252814,1869.1529218780117,1387.0313163616108,Naive-24h
11,5.203917084131293,2041.8953208634668,1562.3179018788592,Naive-24h
12,4.941776525293156,2000.9320376041264,1505.3582644528458,Naive-24h
13,4.80033430205648,1984.278303742612,1463.087452223682,Naive-24h
14,4.887083275175322,1968.5787885754585,1466.1586200070724,Naive-24h
15,4.865513955937096,1897.2662766721378,1423.5404682759504,Naive-24h
16,4.506133965478899,1757.6121068918724,1291.1813835286564,Naive-24h
17,4.787024991956524,1899.1615611350205,1385.7486757619304,Naive-24h
18,4.693098820512827,1959.4181124215443,1427.3820670364917,Naive-24h
19,4.852108464161341,2178.5715620172323,1579.1474785842358,Naive-24h
20,4.960898512616501,2290.980067419809,1669.7545905925963,Naive-24h
21,4.82312402855573,2110.3715814440384,1557.8220013864836,Naive-24h
22,4.986424888890622,1974.353708326789,1485.1784840600694,Naive-24h
23,5.244202088480927,1938.4542303156593,1442.21348120359,Naive-24h
0,2.698231033925515,846.8011335121588,670.6133158606402,SeasonalNaive-168h
1,3.0267584700054257,928.7544552307957,740.4748257560444,SeasonalNaive-168h
2,3.1338637255098236,906.8145111481235,729.6301359344636,SeasonalNaive-168h
3,2.5651270861309055,751.0771547228447,580.7070914232661,SeasonalNaive-168h
4,2.191179580801094,643.66539967564,488.6453425108356,SeasonalNaive-168h
5,2.657365336416158,755.5556745026992,600.6366435411489,SeasonalNaive-168h
6,3.051591702687964,895.4267043953901,716.442116576433,SeasonalNaive-168h
7,2.5905203392042324,854.1723850851095,651.7373658216254,SeasonalNaive-168h
8,2.5722980662698425,877.742825183461,684.0193882098997,SeasonalNaive-168h
9,2.3002500869896423,854.3746874850917,647.4427495229041,SeasonalNaive-168h
10,2.0788567534097617,793.6377037215829,615.4871121089852,SeasonalNaive-168h
11,1.8205062703781976,729.6962331561724,556.0567182886523,SeasonalNaive-168h
12,1.704264289734636,722.8855145193003,526.3386151161661,SeasonalNaive-168h
13,1.8291340042701258,708.3918597320492,563.3777266505849,SeasonalNaive-168h
14,1.975867845841853,745.920177595216,596.6212270463989,SeasonalNaive-168h
15,2.1096449972388798,776.014771020248,623.6918638562393,SeasonalNaive-168h
16,2.069223808537515,765.2488677875638,599.2209790817476,SeasonalNaive-168h
17,2.0713739417247403,759.6525050711792,602.8418654257756,SeasonalNaive-168h
18,1.82401992877826,763.3922271577976,559.5427701437267,SeasonalNaive-168h
19,1.7031347119781957,694.3835932974498,560.3873040544029,SeasonalNaive-168h
20,2.1543427167338405,906.6450342815444,730.2786756250831,SeasonalNaive-168h
21,2.459705808639573,1146.2586732427235,803.1750524491796,SeasonalNaive-168h
22,2.4582384490898868,1098.8842326013475,739.56211776646,SeasonalNaive-168h
23,3.169778812421259,1456.0564934105032,886.3847644933286,SeasonalNaive-168h
0,1.6983310958242674,562.0773830288782,423.55207110668664,SARIMAX(daily)+temp
1,3.0994476001929274,966.7887866589391,750.5971752902988,SARIMAX(daily)+temp
2,2.0283454879333043,573.3805445018094,469.74961605238326,SARIMAX(daily)+temp
3,1.8642411803294516,520.1251724033019,420.88542416924,SARIMAX(daily)+temp
4,1.762334642275534,479.93813723846284,395.6533155816054,SARIMAX(daily)+temp
5,1.800718555132292,548.2264141055163,414.7553267964523,SARIMAX(daily)+temp
6,2.1272785731002366,631.7077707120078,509.87119597126014,SARIMAX(daily)+temp
7,1.8699567970521074,600.1758587326335,474.73683290818224,SARIMAX(daily)+temp
8,1.9169033486362612,613.5198082663634,512.1784950894164,SARIMAX(daily)+temp
9,1.7239684957241468,586.7899847283317,486.4585461407095,SARIMAX(daily)+temp
10,1.3318603211525957,496.1600086538812,393.9385716373262,SARIMAX(daily)+temp
11,1.3782659980912095,524.1010005166132,417.0072170584317,SARIMAX(daily)+temp
12,1.58953849665514,592.3482592199757,485.5836106876001,SARIMAX(daily)+temp
13,2.181178322947896,807.101267706265,666.6922305208742,SARIMAX(daily)+temp
14,3.1000544435640225,1097.9256746195922,932.1721056858723,SARIMAX(daily)+temp
15,3.7321614900008093,1288.3691513338993,1095.6216664820251,SARIMAX(daily)+temp
16,3.670529182424847,1231.7219743099638,1060.2790942890763,SARIMAX(daily)+temp
17,2.534792095703825,868.7184436295842,735.7560087604109,SARIMAX(daily)+temp
18,1.0208638774700511,385.61708713096533,311.84801985487275,SARIMAX(daily)+temp
19,2.9134804474040155,1157.0284449665492,980.2651582270771,SARIMAX(daily)+temp
20,3.748789968983838,1523.525538801999,1305.4170006861495,SARIMAX(daily)+temp
21,2.5672277628801328,1013.0431559701215,852.870053610909,SARIMAX(daily)+temp
22,1.4326821751506478,547.6554397435982,429.45046729501615,SARIMAX(daily)+temp
23,2.205134322180737,741.7366592677188,608.6337244864744,SARIMAX(daily)+temp
0,1.9463876533145648,621.6861391779764,483.30450814786326,LightGBM
1,1.936684840504943,623.1463887164637,474.9447235628641,LightGBM
2,2.1393508746241436,638.343019592966,498.2754860514383,LightGBM
3,1.9790735183342036,567.8198992503491,447.09044675823526,LightGBM
4,1.94202228067579,519.946022146368,432.3055909790825,LightGBM
5,1.8939249753793734,531.4668141208368,431.2308423683733,LightGBM
6,2.0141460144148464,582.8456013167485,472.7433634119084,LightGBM
7,1.8027679273778672,569.7372814564055,453.1306045837125,LightGBM
8,1.8436277404792045,595.7288452290409,487.3681285129761,LightGBM
9,1.6653493601347227,564.5967521748678,465.37021801973344,LightGBM
10,1.4601561482627967,533.5981317240484,428.0159555580902,LightGBM
11,1.4454667489705726,542.8954528898674,436.9771671550766,LightGBM
12,1.3933490566543865,529.597817517033,426.9500239221227,LightGBM
13,1.4195333376299655,530.8253164522408,435.9330869726875,LightGBM
14,1.515941557406542,547.6491847478288,457.2125691011102,LightGBM
15,1.6015234452271727,577.3634113223235,473.40933326777025,LightGBM
16,1.526090966583314,550.8910515410811,440.43085398695047,LightGBM
17,1.529306182208864,562.9824336235879,443.6289433860002,LightGBM
18,1.2440291213818597,472.84495507987776,381.25382227829425,LightGBM
19,1.1981763220967667,476.9542790323318,393.14093928069235,LightGBM
20,1.3646385248724426,579.9022425449165,463.25964881308624,LightGBM
21,1.5504051469256315,671.2916779421628,504.268797218586,LightGBM
22,1.6972414969396044,647.4996163223478,508.3136253856028,LightGBM
23,1.6899842805050906,604.6959594883944,466.9412864266423,LightGBM
